{
  "ConveRT": [
    [
      0.0
    ]
  ],
  "Spacy_CRF_Sklearn": [
    [
      0.9443142223630028
    ]
  ],
  "ConveRT_CRF_Sklearn": [
    [
      0.0
    ]
  ],
  "HTF_CRF_Sklearn": [
    [
      0.906804864552893
    ]
  ],
  "Mitie_DIET": [
    [
      0.9722943722943722
    ]
  ],
  "Whitespace_DIET": [
    [
      0.9074558426474802
    ]
  ],
  "Spacy_DIET": [
    [
      0.9434906556857775
    ]
  ],
  "Mitie_Sklearn": [
    [
      0.9301143775202031
    ]
  ]
}